name;domain
REXEL PLATEFORME ST MARTIN DE CRAU;rexel.fr
SOCIETE DE CABLAGE ELECTRIQUE;scie-cablage.com
TECHNIDEAL;technideal.com
TECUMSEH EUROPE Sales & Logistics;tecumseh.com
CEL FRANCE;cel-france.com
MANUFACTURE APPAREILLAGE;Non trouvé
SEIFEL SA;Pas de site web propre (filiale Groupe Sicame)
COMECA FRANCE SAS NUCLEAIRE;comeca-group.com
SNCF VOYAGEURS;sncf-voyageurs.com
AGP;groupe-agp.com
SOCOMEC;socomec.fr
ELECTRO BREST;Pas de site web propre (réseau ETN France)
RS COMPONENTS SAS;rs-online.com
BRETAGNE CABLAGE INDUSTRIEL GRAVURE;bcig.fr
SOREEL;kohler-soreel.com
EES-CLEMESSY BU04035;Non trouvé
CEV CONSTRUCTION ELECTRIQUE;Non trouvé
CHLORIDE SAS;Non trouvé
REXEL FRANCE NORD EST DOURGES;rexel.fr